<?xml version="1.0"?>
<!--
/**
 * BSS Commerce Co.
 *
 * NOTICE OF LICENSE
 *
 * This source file is subject to the EULA
 * that is bundled with this package in the file LICENSE.txt.
 * It is also available through the world-wide-web at this URL:
 * http://bsscommerce.com/Bss-Commerce-License.txt
 *
 * @category   BSS
 * @package    Bss_XmlSiteMap
 * @author     Extension Team
 * @copyright  Copyright (c) 2018-2022 BSS Commerce Co. ( http://bsscommerce.com )
 * @license    http://bsscommerce.com/Bss-Commerce-License.txt
 */
-->
<config xmlns:xsi="http://www.w3.org/2001/XMLSchema-instance" xsi:noNamespaceSchemaLocation="urn:magento:module:Magento_Config:etc/system_file.xsd">
    <system>
        <tab id="bss_seo_suite" translate="label" sortOrder="300" class="bss_commerce_seo">
            <label><![CDATA[Bss Commerce SEO]]></label>
        </tab>
        <section id="bss_xmlsitemap" translate="label" type="text" sortOrder="30" showInDefault="1" showInWebsite="1" showInStore="1">
            <label>Google XML Sitemap</label>
            <tab>bss_seo_suite</tab>
            <resource>Bss_XmlSiteMap::system_config</resource>
            <group id="generate" translate="label" type="text" sortOrder="10" showInDefault="1" showInWebsite="1" showInStore="1">
                <label>General Setting</label>
                <field id="enabled" translate="label" type="select" sortOrder="1" showInDefault="1" showInWebsite="1" showInStore="1">
                    <label>Enabled</label>
                    <source_model>Magento\Config\Model\Config\Source\Yesno</source_model>
                    <comment><![CDATA[Version 1.2.1]]></comment>
                </field>
                <field id="error_email" translate="label" type="text" sortOrder="5" showInDefault="1" showInWebsite="1" showInStore="1">
                    <label>Error Email Recipient</label>
                    <validate>validate-email</validate>
                </field>
                <field id="error_email_identity" translate="label" type="select" sortOrder="6" showInDefault="1" showInWebsite="1" showInStore="1">
                    <label>Error Email Sender</label>
                    <source_model>Magento\Config\Model\Config\Source\Email\Identity</source_model>
                </field>
                <field id="error_email_template" translate="label comment" type="select" sortOrder="7" showInDefault="1" showInWebsite="1" showInStore="1">
                    <label>Error Email Template</label>
                    <comment>Email template is chosen based on theme fallback when "Default" option is selected.</comment>
                    <source_model>Magento\Config\Model\Config\Source\Email\Template</source_model>
                </field>
                <field id="frequency" translate="label" type="select" sortOrder="4" showInDefault="1" showInWebsite="1" showInStore="1">
                    <label>Frequency</label>
                    <source_model>Magento\Cron\Model\Config\Source\Frequency</source_model>
                    <backend_model>Bss\XmlSiteMap\Model\Config\Backend\Sitemap</backend_model>
                </field>
                <field id="time" translate="label" type="time" sortOrder="3" showInDefault="1" showInWebsite="1" showInStore="1">
                    <label>Start Time</label>
                </field>
                <field id="root_path" translate="label" type="text" sortOrder="8" showInDefault="1" showInWebsite="0" showInStore="0" canRestore="1">
                    <label>Root Path</label>
                    <comment>Example: "/pub/" or "/" for Root path</comment>
                </field>
                <field id="style_title" translate="label comment" sortOrder="9" type="text" showInStore="0" showInDefault="1" canRestore="1">
                    <label>Sitemap Title</label>
                </field>
                <field id="style_description" translate="label comment" sortOrder="10" type="textarea" showInStore="0" showInDefault="1" >
                    <label>Sitemap Description</label>
                </field>
            </group>
            <group id="homepage" translate="label" type="text" sortOrder="20" showInDefault="1" showInWebsite="1" showInStore="1">
                <field id="enable_homepage" translate="label" type="select" sortOrder="1" showInDefault="1" showInWebsite="1" showInStore="1">
                    <label>Show Homepage</label>
                    <source_model>Magento\Config\Model\Config\Source\Yesno</source_model>
                </field>
                <label>Homepage Options</label>
                <field id="changefreq" translate="label" type="select" sortOrder="2" showInDefault="1" showInWebsite="1" showInStore="1" >
                    <label>Frequency</label>
                    <source_model>Bss\XmlSiteMap\Model\Config\Source\Frequency</source_model>
                </field>
                <field id="priority" translate="label comment" type="text" sortOrder="3" showInDefault="1" showInWebsite="1" showInStore="1">
                    <label>Priority</label>
                    <backend_model>Bss\XmlSiteMap\Model\Config\Backend\Priority</backend_model>
                    <comment>Valid values range from 0.0 to 1.0.</comment>
                </field>
                <field id="enable_modify" translate="label" type="select" sortOrder="4" showInDefault="1" showInWebsite="1" showInStore="1">
                    <label>Enable Modify</label>
                    <source_model>Magento\Config\Model\Config\Source\Yesno</source_model>
                </field>
            </group>
            <group id="category" translate="label" type="text" sortOrder="30" showInDefault="1" showInWebsite="1" showInStore="1">
                <label>Category Options</label>
                <field id="changefreq" translate="label" type="select" sortOrder="1" showInDefault="1" showInWebsite="1" showInStore="1" >
                    <label>Frequency</label>
                    <source_model>Bss\XmlSiteMap\Model\Config\Source\Frequency</source_model>
                </field>
                <field id="priority" translate="label comment" type="text" sortOrder="2" showInDefault="1" showInWebsite="1" showInStore="1">
                    <label>Priority</label>
                    <backend_model>Bss\XmlSiteMap\Model\Config\Backend\Priority</backend_model>
                    <comment>Valid values range from 0.0 to 1.0.</comment>
                </field>
                <field id="disable_category" translate="label" type="text" sortOrder="17" showInDefault="1" showInWebsite="0" showInStore="1">
                    <label>Disable Categories</label>
                    <backend_model>Bss\XmlSiteMap\Model\Config\Backend\ProcessCategory</backend_model>
                    <comment><![CDATA[Fill category IDs you want to hide in Sitemap (separated by a coma). Example: <b>1,2,5,9,23,45,77</b>]]></comment>
                </field>
            </group>
            <group id="product" translate="label" type="text" sortOrder="40" showInDefault="1" showInWebsite="1" showInStore="1">
                <label>Product Options</label>
                <field id="changefreq" translate="label" type="select" sortOrder="1" showInDefault="1" showInWebsite="1" showInStore="1" >
                    <label>Frequency</label>
                    <source_model>Bss\XmlSiteMap\Model\Config\Source\Frequency</source_model>
                </field>
                <field id="priority" translate="label comment" type="text" sortOrder="2" showInDefault="1" showInWebsite="1" showInStore="1">
                    <label>Priority</label>
                    <backend_model>Bss\XmlSiteMap\Model\Config\Backend\Priority</backend_model>
                    <comment>Valid values range from 0.0 to 1.0.</comment>
                </field>
                <field id="image_include" translate="label" type="select" sortOrder="3" showInDefault="1" showInWebsite="1" showInStore="1">
                    <label>Add Images into Sitemap</label>
                    <source_model>Bss\XmlSiteMap\Model\Source\Product\Image\IncludeImage</source_model>
                </field>

                <field id="path_check" translate="label" type="select" sortOrder="0" showInDefault="1" showInWebsite="1" showInStore="1">
                    <label>Enable Path</label>
                    <backend_model>Bss\XmlSiteMap\Model\Config\Backend\ProcessPath</backend_model>
                    <source_model>Magento\Config\Model\Config\Source\Yesno</source_model>
                </field>
                <field id="disable_product" translate="label" type="multiselect" sortOrder="9" showInDefault="1" showInWebsite="1" showInStore="1">
                    <label>Disable Product Type</label>
                    <source_model>Bss\XmlSiteMap\Model\Config\Backend\DisableProduct</source_model>
                    <can_be_empty>0</can_be_empty>
                    <comment>Hold Ctrl when choosing multiple options</comment>
                </field>
                <field id="disable_product_id" translate="label" type="text" sortOrder="17" showInDefault="1" showInWebsite="0" showInStore="1">
                    <label>Disable Product</label>
                    <backend_model>Bss\XmlSiteMap\Model\Config\Backend\ProcessProduct</backend_model>
                    <comment><![CDATA[Fill product IDs you want to hide in Sitemap (separated by a coma). Example: <b>1,2,5,9,23,45,77</b>]]></comment>
                </field>
            </group>
            <group id="page" translate="label" type="text" sortOrder="50" showInDefault="1" showInWebsite="1" showInStore="1">
                <label>CMS Page Options</label>
                <field id="changefreq" translate="label" type="select" sortOrder="1" showInDefault="1" showInWebsite="1" showInStore="1">
                    <label>Frequency</label>
                    <source_model>Bss\XmlSiteMap\Model\Config\Source\Frequency</source_model>
                </field>
                <field id="priority" translate="label comment" type="text" sortOrder="2" showInDefault="1" showInWebsite="1" showInStore="1">
                    <label>Priority</label>
                    <backend_model>Bss\XmlSiteMap\Model\Config\Backend\Priority</backend_model>
                    <comment>Valid values range from 0.0 to 1.0.</comment>
                </field>
                <field id="disable_page" translate="label" type="multiselect" sortOrder="9" showInDefault="1" showInWebsite="1" showInStore="1">
                    <label>Disable CMS Link</label>
                    <source_model>Bss\XmlSiteMap\Model\Config\Backend\Checkbox</source_model>
                    <can_be_empty>0</can_be_empty>
                    <comment>Hold Ctrl when choosing multiple options</comment>
                </field>
            </group>
            <group id="addition" translate="label" type="text" sortOrder="60" showInDefault="1" showInWebsite="1" showInStore="1">
                <label>Additional Link List</label>
                <field id="changefreq" translate="label" type="select" sortOrder="2" showInDefault="1" showInWebsite="1" showInStore="1" >
                    <label>Frequency</label>
                    <source_model>Bss\XmlSiteMap\Model\Config\Source\Frequency</source_model>
                </field>
                <field id="priority" translate="label comment" type="text" sortOrder="3" showInDefault="1" showInWebsite="1" showInStore="1">
                    <label>Priority</label>
                    <backend_model>Bss\XmlSiteMap\Model\Config\Backend\Priority</backend_model>
                    <comment>Valid values range from 0.0 to 1.0.</comment>
                </field>
                <field id="addition_link" translate="label" type="textarea" sortOrder="10" showInDefault="1" showInWebsite="1" showInStore="1">
                    <label>List of Additional Links</label>
                    <comment><![CDATA[<b>Please follow this example to add additional links:</b><br />http://yourlink1.com<br />http://yourlink2.com<br />http://yourlink3.com]]></comment>
                </field>
            </group>
            <group id="limit" translate="label" type="text" sortOrder="70" showInDefault="1" showInWebsite="1" showInStore="1">
                <label>Sitemap File Limits</label>
                <field id="max_lines" translate="label" type="text" sortOrder="2" showInDefault="1" showInWebsite="1" showInStore="1">
                    <label>Maximum No of URLs Per File</label>
                    <validate>validate-not-negative-number</validate>
                    <backend_model>Bss\XmlSiteMap\Model\Config\Backend\CheckNumberLine</backend_model>
                </field>
                <field id="max_file_size" translate="label comment" type="text" sortOrder="3" showInDefault="1" showInWebsite="1" showInStore="1">
                    <label>Maximum File Size</label>
                    <comment>File size in bytes.</comment>
                    <validate>validate-not-negative-number</validate>
                    <backend_model>Bss\XmlSiteMap\Model\Config\Backend\CheckNumber</backend_model>
                </field>
                <field id="devide" translate="label" type="select" sortOrder="1" showInDefault="1" showInWebsite="1" showInStore="1">
                    <label>Divide Sitemap</label>
                    <source_model>Bss\XmlSiteMap\Model\Config\Backend\Devide</source_model>
                </field>
            </group>
            <group id="search_engines" translate="label" type="text" sortOrder="80" showInDefault="1" showInWebsite="1" showInStore="1">
                <label>Search Engine Submission Settings</label>
                <field id="submission_robots" translate="label" type="select" sortOrder="1" showInDefault="1" showInWebsite="1" showInStore="1">
                    <label>Enable Submission to Robots.txt</label>
                    <source_model>Magento\Config\Model\Config\Source\Yesno</source_model>
                </field>
            </group>
            <group id="recommended_solutions" translate="label" sortOrder="100" showInDefault="1" showInWebsite="1" showInStore="1">
                <label><![CDATA[<a href="https://bsscommerce.com/magento-2-seo-extension.html" target="_blank" style="background: #f0f0f0; padding: 20px; border-radius: 4px">
                    <p style="font-size: 14px;">Want a complete SEO solution? We also offer a <font color="blue">SEO Suite</font>,
                    including all necessary modules to make your site SEO-friendly, boost ranking and increase traffic!</p></a>]]>
                </label>
                <fieldset_css>paypal-recommended-header bss_footer_seo</fieldset_css>
                <frontend_model>Magento\Paypal\Block\Adminhtml\System\Config\Fieldset\Expanded</frontend_model>
            </group>
        </section>
    </system>
</config>
