<?xml version="1.0"?>
<!--
/**
 * BSS Commerce Co.
 *
 * NOTICE OF LICENSE
 *
 * This source file is subject to the EULA
 * that is bundled with this package in the file LICENSE.txt.
 * It is also available through the world-wide-web at this URL:
 * http://bsscommerce.com/Bss-Commerce-License.txt
 *
 * @category   BSS
 * @package    Bss_SeoReport
 * @author     Extension Team
 * @copyright  Copyright (c) 2018-2019 BSS Commerce Co. ( http://bsscommerce.com )
 * @license    http://bsscommerce.com/Bss-Commerce-License.txt
 */
-->
<config xmlns:xsi="http://www.w3.org/2001/XMLSchema-instance" xsi:noNamespaceSchemaLocation="urn:magento:framework:Event/etc/events.xsd">
    <event name="catalog_category_save_after">
        <observer name="bss_seo_report_expired_cate" instance="Bss\SeoReport\Observer\ExpiredCate" />
    </event>
    <event name="catalog_product_save_after">
        <observer name="bss_seo_report_expired_cate" instance="Bss\SeoReport\Observer\ExpiredProduct" />
    </event>
    <event name="cms_page_save_after">
        <observer name="bss_seo_report_expired_cate" instance="Bss\SeoReport\Observer\ExpiredCmsPage" />
    </event>
</config>