<?xml version="1.0"?>
<!--
/**
 * BSS Commerce Co.
 *
 * NOTICE OF LICENSE
 *
 * This source file is subject to the EULA
 * that is bundled with this package in the file LICENSE.txt.
 * It is also available through the world-wide-web at this URL:
 * http://bsscommerce.com/Bss-Commerce-License.txt
 *
 * @category   BSS
 * @package    Bss_SeoReport
 * @author     Extension Team
 * @copyright  Copyright (c) 2018-2022 BSS Commerce Co. ( http://bsscommerce.com )
 * @license    http://bsscommerce.com/Bss-Commerce-License.txt
 */
-->
<config xmlns:xsi="http://www.w3.org/2001/XMLSchema-instance" xsi:noNamespaceSchemaLocation="urn:magento:module:Magento_Config:etc/system_file.xsd">
    <system>
        <tab id="bss_seo_suite" translate="label" sortOrder="300">
            <label><![CDATA[Bss Commerce SEO]]></label>
        </tab>
        <section id="bss_seo_report" translate="label" type="text" sortOrder="140" showInDefault="1" showInWebsite="1" showInStore="1">
            <label>SEO Report</label>
            <tab>bss_seo_suite</tab>
            <resource>Bss_SeoReport::config</resource>
            <group id="general" translate="label" type="text" sortOrder="1" showInDefault="1" showInWebsite="1" showInStore="1">
                <label>General</label>
                <field id="enable" translate="label" type="select" sortOrder="10" showInDefault="1" showInWebsite="1" showInStore="1">
                    <label>Enabled</label>
                    <source_model>Magento\Config\Model\Config\Source\Yesno</source_model>
                    <comment><![CDATA[Version 1.1.2]]></comment>
                </field>
                <field id="start_date" translate="label" type="date" showInDefault="1" sortOrder="20">
                    <label>Google Search Console Start Date</label>
                    <validate>validate-date</validate>
                    <frontend_model>Bss\SeoReport\Block\Adminhtml\System\Config\Date</frontend_model>
                </field>
                <field id="type_end_date" translate="label" type="select" sortOrder="21" showInDefault="1">
                    <label>Google Search Console End Date</label>
                    <source_model>Bss\SeoReport\Model\Config\Source\EndDate</source_model>
                </field>
                <field id="end_date" translate="label" type="date" showInDefault="1" sortOrder="22">
                    <label>Custom End Date</label>
                    <validate>validate-date</validate>
                    <depends>
                        <field id="*/*/type_end_date">custom</field>
                    </depends>
                    <frontend_model>Bss\SeoReport\Block\Adminhtml\System\Config\Date</frontend_model>
                </field>
                <field id="client_id" translate="label" type="text" sortOrder="40" showInDefault="1">
                    <label>Client ID</label>
                    <comment><![CDATA[Sign in to your Google API Console, go to Credentials > Client ID for Web Application, copy and then paste the Client ID here.]]></comment>
                </field>
                <field id="client_secret" translate="label" type="password" sortOrder="50" showInDefault="1">
                    <label>Client Secret</label>
                    <comment><![CDATA[Sign in to your Google API Console, go to Credentials > Client ID for Web Application, copy and then paste the Client Secret here.]]></comment>
                </field>
                <field id="authorization_code" translate="label" type="text" sortOrder="60" showInDefault="1">
                    <label>Google Authorization Code</label>
                    <backend_model>Bss\SeoReport\Model\Config\Backend\CheckAuthCode</backend_model>
                    <comment>
                        <model>Bss\SeoReport\Model\Config\Source\CommentGoogleAuthUris</model>
                    </comment>
                </field>
                <field id="update" translate="label comment" type="button" sortOrder="70" showInDefault="1">
                    <frontend_model>Bss\SeoReport\Block\System\Config\Login</frontend_model>
                </field>
            </group>
            <group id="recommended_solutions" translate="label" sortOrder="100" showInDefault="1" showInWebsite="1" showInStore="1">
                <label><![CDATA[<a href="https://bsscommerce.com/magento-2-seo-extension.html" target="_blank" style="background: #f0f0f0; padding: 20px; border-radius: 4px">
                    <p style="font-size: 14px;">Want a complete SEO solution? We also offer a <font color="blue">SEO Suite</font>,
                    including all necessary modules to make your site SEO-friendly, boost ranking and increase traffic!</p></a>]]>
                </label>
                <fieldset_css>paypal-recommended-header bss_footer_seo</fieldset_css>
                <frontend_model>Magento\Paypal\Block\Adminhtml\System\Config\Fieldset\Expanded</frontend_model>
            </group>
        </section>
    </system>
</config>
