<?xml version="1.0" ?>
<!--
/**
 * Copyright © Magefan (support@magefan.com). All rights reserved.
 * Please visit Magefan.com for license details (https://magefan.com/end-user-license-agreement).
 */
-->
<config xmlns:xsi="http://www.w3.org/2001/XMLSchema-instance" xsi:noNamespaceSchemaLocation="urn:magento:module:Magento_Config:etc/system_file.xsd">
    <system>
        <section id="mfgoogletagmanager">
            <group id="general">
                <field id="version_plus" translate="label comment" type="text" sortOrder="11" showInDefault="1" showInWebsite="1" showInStore="1">
                    <frontend_model>Magefan\GoogleTagManagerPlus\Block\Adminhtml\Config\Form\Info</frontend_model>
                </field>
            </group>
        </section>
    </system>
</config>
