<?xml version="1.0"?>
<!--
/**
 * Copyright © Magefan (support@magefan.com). All rights reserved.
 * Please visit Magefan.com for license details (https://magefan.com/end-user-license-agreement).
 */
-->
<config xmlns:xsi="http://www.w3.org/2001/XMLSchema-instance" xsi:noNamespaceSchemaLocation="urn:magento:framework:ObjectManager/etc/config.xsd">
    <type name="Magento\Catalog\Block\Product\ListProduct">
        <plugin name="Magefan_GTM_Plugin_Magento_Catalog_Block_Product_ListProduct" type="Magefan\GoogleTagManagerPlus\Plugin\Magento\Catalog\Block\Product\ListProductPlugin" sortOrder="10" disabled="false"/>
    </type>
    <type name="Magento\Catalog\Block\Product\ProductList\Related">
        <plugin name="Magefan_GTM_Plugin_Magento_Catalog_Block_Product_ProductList_Related" type="Magefan\GoogleTagManagerPlus\Plugin\Magento\Catalog\Block\Product\ListProductPlugin" sortOrder="10" disabled="false"/>
    </type>
    <type name="Magento\Catalog\Block\Product\ProductList\Upsell">
        <plugin name="Magefan_GTM_Plugin_Magento_Catalog_Block_Product_ProductList_Upsell" type="Magefan\GoogleTagManagerPlus\Plugin\Magento\Catalog\Block\Product\ListProductPlugin" sortOrder="10" disabled="false"/>
    </type>
    <type name="Magento\Checkout\Block\Cart\Crosssell">
        <plugin name="Magefan_GTM_Plugin_Magento_Checkout_Block_Cart_Crosssell" type="Magefan\GoogleTagManagerPlus\Plugin\Magento\Catalog\Block\Product\ListProductPlugin" sortOrder="10" disabled="false"/>
    </type>
    <type name="Magento\CatalogWidget\Block\Product\ProductsList">
        <plugin name="Magefan_GTM_Plugin_Magento_Checkout_Block_Cart_Crosssell" type="Magefan\GoogleTagManagerPlus\Plugin\Magento\Catalog\Block\Product\ListProductPlugin" sortOrder="10" disabled="false"/>
    </type>

    <type name="Magefan\GoogleTagManager\Model\DataLayer\ViewItem">
        <plugin name="view_item_add_remarketing_data" type="Magefan\GoogleTagManagerPlus\Plugin\Magefan\GoogleTagManagerPlus\Model\DataLayer\RemarketingDataPlugin" sortOrder="10" disabled="false"/>
    </type>
    <type name="Magefan\GoogleTagManager\Model\DataLayer\ViewCart">
        <plugin name="view_cart_add_remarketing_data" type="Magefan\GoogleTagManagerPlus\Plugin\Magefan\GoogleTagManagerPlus\Model\DataLayer\RemarketingDataPlugin" sortOrder="10" disabled="false"/>
    </type>
    <type name="Magefan\GoogleTagManager\Model\DataLayer\Purchase">
        <plugin name="view_item_add_remarketing_data" type="Magefan\GoogleTagManagerPlus\Plugin\Magefan\GoogleTagManagerPlus\Model\DataLayer\RemarketingDataPlugin" sortOrder="10" disabled="false"/>
    </type>

    <type name="Magefan\GoogleTagManagerPlus\Model\DataLayer\ViewItemList">
        <plugin name="view_item_list_add_remarketing_data" type="Magefan\GoogleTagManagerPlus\Plugin\Magefan\GoogleTagManagerPlus\Model\DataLayer\RemarketingDataPlugin" sortOrder="10" disabled="false"/>
    </type>

    <type name="Magefan\GoogleTagManager\Model\DataLayer\Purchase">
        <plugin name="Magefan_GTM_Plugin_Magento_Model_DataLayer_Purchase" type="Magefan\GoogleTagManagerPlus\Plugin\Magefan\GoogleTagManager\Model\Purchase" sortOrder="10" disabled="false"/>
    </type>
</config>
