<?xml version="1.0"?>
<!--
/**
 * BSS Commerce Co.
 *
 * NOTICE OF LICENSE
 *
 * This source file is subject to the EULA
 * that is bundled with this package in the file LICENSE.txt.
 * It is also available through the world-wide-web at this URL:
 * http://bsscommerce.com/Bss-Commerce-License.txt
 *
 * @category  BSS
 * @package   Bss_FacebookPixel
 * @author    Extension Team
 * @copyright Copyright (c) 2018-2019 BSS Commerce Co. ( http://bsscommerce.com )
 * @license   http://bsscommerce.com/Bss-Commerce-License.txt
 */
-->
<config xmlns:xsi="http://www.w3.org/2001/XMLSchema-instance" xsi:noNamespaceSchemaLocation="urn:magento:framework:ObjectManager/etc/config.xsd">
    <virtualType name="Bss\FacebookPixel\Model\Session\Storage" type="Magento\Framework\Session\Storage">
        <arguments>
            <argument name="namespace" xsi:type="string">Bss_FacebookPixel</argument>
        </arguments>
    </virtualType>
    <type name="Bss\FacebookPixel\Model\Session">
        <arguments>
            <argument name="storage" xsi:type="object">Bss\FacebookPixel\Model\Session\Storage</argument>
        </arguments>
    </type>
</config>
