<?xml version="1.0"?>
<!--
/**
 * BSS Commerce Co.
 *
 * NOTICE OF LICENSE
 *
 * This source file is subject to the EULA
 * that is bundled with this package in the file LICENSE.txt.
 * It is also available through the world-wide-web at this URL:
 * http://bsscommerce.com/Bss-Commerce-License.txt
 *
 * @category   BSS
 * @package    Bss_SeoReport
 * @author     Extension Team
 * @copyright  Copyright (c) 2018-2022 BSS Commerce Co. ( http://bsscommerce.com )
 * @license    http://bsscommerce.com/Bss-Commerce-License.txt
 */
-->
<config xmlns:xsi="http://www.w3.org/2001/XMLSchema-instance" xsi:noNamespaceSchemaLocation="urn:magento:framework:Module/etc/module.xsd">
    <module name="Bss_SeoReport" setup_version="1.1.2">
    	<sequence>
            <module name="Bss_CanonicalTag"/>
            <module name="Magento_Theme"/>
            <module name="Magento_Ui"/>
            <module name="Magento_Catalog"/>
            <module name="Bss_SeoCore"/>
        </sequence>
    </module>
</config>
