<?xml version="1.0"?>
<!--
/**
 * Copyright © Magefan (support@magefan.com). All rights reserved.
 * Please visit Magefan.com for license details (https://magefan.com/end-user-license-agreement).
 */
-->
<config xmlns:xsi="http://www.w3.org/2001/XMLSchema-instance" xsi:noNamespaceSchemaLocation="urn:magento:module:Magento_Config:etc/system_file.xsd">
    <system>
        <section id="autorp" translate="label" type="text" sortOrder="9829835180" showInDefault="1" showInWebsite="1" showInStore="1">
            <class>separator-top</class>
            <label>Automatic Related Products</label>
            <tab>magefan</tab>
            <resource>Magefan_AutoRelatedProduct::config</resource>
            <group id="general" translate="label" type="text" sortOrder="10" showInDefault="1" showInWebsite="1" showInStore="1">
                <label>Automatic Related Products</label>
                <attribute type="expanded">1</attribute>
                <field id="version" translate="label comment" type="text" sortOrder="10" showInDefault="1" showInWebsite="1" showInStore="1">
                    <frontend_model>Magefan\AutoRelatedProduct\Block\Adminhtml\System\Config\Form\Info</frontend_model>
                </field>

                <field id="enabled" translate="label comment" type="select" sortOrder="20" showInDefault="1" showInWebsite="0" showInStore="0">
                    <label>Enable Extension</label>
                    <source_model>Magento\Config\Model\Config\Source\Yesno</source_model>
                </field>
                <field id="key" translate="label" type="text" sortOrder="30" showInDefault="1" showInWebsite="0" showInStore="0">
                    <label>Product Key</label>
                    <frontend_model>Magefan\Community\Block\Adminhtml\System\Config\Form\ProductKeyField</frontend_model>
                </field>
            </group>
        </section>
    </system>
</config>
