<?xml version="1.0"?>
<!--
/**
 * Mageplaza
 *
 * NOTICE OF LICENSE
 *
 * This source file is subject to the Mageplaza.com license that is
 * available through the world-wide-web at this URL:
 * https://www.mageplaza.com/LICENSE.txt
 *
 * DISCLAIMER
 *
 * Do not edit or add to this file if you wish to upgrade this extension to newer
 * version in the future.
 *
 * @category    Mageplaza
 * @package     Mageplaza_ProductFeed
 * @copyright   Copyright (c) Mageplaza (https://www.mageplaza.com/)
 * @license     https://www.mageplaza.com/LICENSE.txt
 */
-->
<config xmlns:xsi="http://www.w3.org/2001/XMLSchema-instance" xsi:noNamespaceSchemaLocation="urn:magento:module:Magento_Cron:etc/crontab.xsd">
    <group id="default">
        <job name="mageplaza_productfeed_generate_cron" instance="Mageplaza\ProductFeed\Cron\Generate" method="execute">
            <schedule>*/30 * * * *</schedule>
        </job>
        <job name="mageplaza_productfeed_clear_log" instance="Mageplaza\ProductFeed\Cron\ClearLog" method="execute">
            <schedule>0 0 * * *</schedule>
        </job>
        <job name="mageplaza_productfeed_sync" instance="Mageplaza\ProductFeed\Cron\Sync" method="execute">
            <schedule>0 0 * * *</schedule>
        </job>
        <job name="mageplaza_productfeed_sync_facebook" instance="Mageplaza\ProductFeed\Cron\SyncFacebook" method="execute">
            <schedule>0 0 * * *</schedule>
        </job>
    </group>
</config>
