<?xml version="1.0"?>
<!--
/**
 * Mageplaza
 *
 * NOTICE OF LICENSE
 *
 * This source file is subject to the Mageplaza.com license that is
 * available through the world-wide-web at this URL:
 * https://www.mageplaza.com/LICENSE.txt
 *
 * DISCLAIMER
 *
 * Do not edit or add to this file if you wish to upgrade this extension to newer
 * version in the future.
 *
 * @category    Mageplaza
 * @package     Mageplaza_Blog
 * @copyright   Copyright (c) Mageplaza (https://www.mageplaza.com/)
 * @license     https://www.mageplaza.com/LICENSE.txt
 */
-->
<config xmlns:xsi="http://www.w3.org/2001/XMLSchema-instance" xsi:noNamespaceSchemaLocation="urn:magento:framework:Event/etc/events.xsd">
    <event name="catalog_controller_product_view">
        <observer name="mp_productfeed_product_click" instance="Mageplaza\ProductFeed\Observer\ProductClick"/>
    </event>
    <event name="sales_order_invoice_save_after">
        <observer name="mp_productfeed_add_invoice_reports" instance="Mageplaza\ProductFeed\Observer\AddInvoiceReports"/>
    </event>
    <event name="sales_order_creditmemo_save_after">
        <observer name="mp_productfeed_add_creditmemo_reports" instance="Mageplaza\ProductFeed\Observer\AddCreditmemoReports" />
    </event>
    <event name="sales_model_service_quote_submit_before">
        <observer name="mp_productfeed_itemkey" instance="Mageplaza\ProductFeed\Observer\FeedItemKey"/>
    </event>
</config>
