<?xml version="1.0" ?>
<!--
/**
 * Copyright © Magefan (support@magefan.com). All rights reserved.
 * Please visit Magefan.com for license details (https://magefan.com/end-user-license-agreement).
 */
-->
<config xmlns:xsi="http://www.w3.org/2001/XMLSchema-instance" xsi:noNamespaceSchemaLocation="urn:magento:module:Magento_Config:etc/system_file.xsd">
    <system>
        <section id="mffacebookpixel" translate="label" sortOrder="10308020210" showInDefault="1" showInWebsite="1" showInStore="1">
            <class>separator-top</class>
            <label>Facebook Pixel</label>
            <tab>magefan</tab>
            <resource>Magefan_FacebookPixel::mffacebookpixel_config</resource>
            <group id="general" translate="label" type="text" sortOrder="10" showInDefault="1" showInWebsite="1" showInStore="1">
                <label>General</label>
                <attribute type="expanded">1</attribute>
                <field id="version" translate="label comment" type="text" sortOrder="10" showInDefault="1" showInWebsite="1" showInStore="1">
                    <frontend_model>Magefan\FacebookPixel\Block\Adminhtml\System\Config\Form\Info</frontend_model>
                </field>
                <field id="enabled" translate="label comment" type="select" sortOrder="20" showInDefault="1" showInWebsite="1" showInStore="1">
                    <label>Enable Extension</label>
                    <source_model>Magento\Config\Model\Config\Source\Yesno</source_model>
                </field>
                <field id="key" translate="label" type="text" sortOrder="30" showInDefault="1" showInWebsite="0" showInStore="0">
                    <label>Product Key</label>
                    <frontend_model>Magefan\Community\Block\Adminhtml\System\Config\Form\ProductKeyField</frontend_model>
                </field>
                <field id="fb_pixel_id" translate="label comment" type="text" sortOrder="40" showInDefault="1" showInWebsite="1" showInStore="1">
                    <label>Facebook Pixel ID</label>
                    <comment>Please get the Facebook Pixel ID from the Events Manager page.</comment>
                </field>
                <field id="events" translate="label comment" type="text" sortOrder="50" showInDefault="1" showInWebsite="1" showInStore="1">
                    <label>Events</label>
                    <frontend_model>Magefan\FacebookPixel\Block\Adminhtml\System\Config\Form\EventList</frontend_model>
                </field>
            </group>
            <group id="conversion_api" translate="label" type="text" sortOrder="15" showInDefault="1" showInWebsite="1" showInStore="1">
                <field id="info" translate="label comment" type="text" sortOrder="10" showInDefault="1" showInWebsite="1" showInStore="1">
                    <frontend_model>Magefan\FacebookPixel\Block\Adminhtml\System\Config\Form\InfoConversionApi</frontend_model>
                </field>
                <label>Conversion API (Extra)</label>
                <attribute type="enabled">1</attribute>
                <field id="enabled" translate="label comment" type="select" sortOrder="10" showInDefault="1" showInWebsite="1" showInStore="1" canRestore="1">
                    <label>Enable Conversions API</label>
                    <source_model>Magento\Config\Model\Config\Source\Yesno</source_model>
                </field>
                <field id="access_token" translate="label comment" type="text" sortOrder="20" showInDefault="1" showInWebsite="1" showInStore="1">
                    <label>Access Token</label>
                    <depends>
                        <field id="enabled">1</field>
                    </depends>
                </field>
            </group>
            <group id="attributes" translate="label" type="text" sortOrder="20" showInDefault="1" showInWebsite="1" showInStore="1">
                <label>Product Attributes Mapping</label>
                <field id="product" translate="label comment" type="select" sortOrder="10" showInDefault="1" showInWebsite="1" showInStore="1" canRestore="1">
                    <label>Product Identifier</label>
                    <source_model>Magefan\FacebookPixel\Model\Config\Source\ProductAttribute</source_model>
                </field>
                <field id="categories" translate="label comment" type="select" sortOrder="20" showInDefault="1" showInWebsite="1" showInStore="1" canRestore="1">
                    <label>Include Categories</label>
                    <source_model>Magento\Config\Model\Config\Source\Yesno</source_model>
                    <comment><![CDATA[<strong class="colorRed">Warning!</strong> Enabling this option may cause the performance impact.]]></comment>
                </field>
            </group>
            <group id="page_speed_optimization" translate="label" type="text" sortOrder="30" showInDefault="1" showInWebsite="1" showInStore="1">
                <label>Page Speed Optimization</label>
                <field id="enabled" translate="label comment" type="select" sortOrder="10" showInDefault="1" showInWebsite="1" showInStore="1" canRestore="1">
                    <label>Enable Deferred Script Load</label>
                    <comment>If enabled Facebook Pixel JavaScript will be loaded only after users first click, scroll, or mouse touch. It is recommended to keep it enabled for better page speed performance.</comment>
                    <source_model>Magento\Config\Model\Config\Source\Yesno</source_model>
                </field>
            </group>
            <group id="customer_data" translate="label" type="text" sortOrder="40" showInDefault="1" showInWebsite="1" showInStore="1">
                <label>GDPR/CCPA/LGPD (Customer Data Protection Regulation)</label>
                <field id="protect" translate="label comment" type="select" sortOrder="10" showInDefault="1" showInWebsite="1" showInStore="1" canRestore="1">
                    <label>Protect Customer Data</label>
                    <source_model>Magento\Config\Model\Config\Source\Yesno</source_model>
                    <frontend_model>Magefan\FacebookPixel\Block\Adminhtml\System\Config\Form\ProtectCustomerData</frontend_model>
                </field>
            </group>
        </section>
    </system>
</config>
