<?xml version="1.0" encoding="utf-8"?>
<!--
/**
 * BSS Commerce Co.
 *
 * NOTICE OF LICENSE
 *
 * This source file is subject to the EULA
 * that is bundled with this package in the file LICENSE.txt.
 * It is also available through the world-wide-web at this URL:
 * http://bsscommerce.com/Bss-Commerce-License.txt
 *
 * @category  BSS
 * @package   Bss_FacebookPixel
 * @author    Extension Team
 * @copyright Copyright (c) 2018-2019 BSS Commerce Co. ( http://bsscommerce.com )
 * @license   http://bsscommerce.com/Bss-Commerce-License.txt
 */
-->
<config xmlns:xsi="http://www.w3.org/2001/XMLSchema-instance" xsi:noNamespaceSchemaLocation="urn:magento:framework:ObjectManager/etc/config.xsd">
    <type name="Magento\Customer\CustomerData\SectionPoolInterface">
        <arguments>
            <argument name="sectionSourceMap" xsi:type="array">
                <item name="bss-fbpixel-atc" xsi:type="string">Bss\FacebookPixel\Block\AddToCart</item>
                <item name="bss-fbpixel-subscribe" xsi:type="string">Bss\FacebookPixel\Block\Subscribe</item>
            </argument>
        </arguments>
    </type>
</config>
