<?xml version="1.0"?>
<!--
/**
 * BSS Commerce Co.
 *
 * NOTICE OF LICENSE
 *
 * This source file is subject to the EULA
 * that is bundled with this package in the file LICENSE.txt.
 * It is also available through the world-wide-web at this URL:
 * http://bsscommerce.com/Bss-Commerce-License.txt
 *
 * @category  BSS
 * @package   Bss_FacebookPixel
 * @author    Extension Team
 * @copyright Copyright (c) 2018-2019 BSS Commerce Co. ( http://bsscommerce.com )
 * @license   http://bsscommerce.com/Bss-Commerce-License.txt
 */
-->
<config xmlns:xsi="http://www.w3.org/2001/XMLSchema-instance" xsi:noNamespaceSchemaLocation="urn:magento:framework:Event/etc/events.xsd">
    <event name="wishlist_add_product">
        <observer name="bss_fbpixel_add_to_wishlist" instance="Bss\FacebookPixel\Observer\WishlistAddProduct" />
    </event>
    <event name="sales_quote_product_add_after">
        <observer name="bss_add_to_cart" instance="Bss\FacebookPixel\Observer\AddToCart"/>
    </event>
    <event name="newsletter_subscriber_save_after">
        <observer name="bss_fbpixel_subcribe" instance="Bss\FacebookPixel\Observer\Subcribe" />
    </event>
    <event name="controller_action_predispatch_multishipping_checkout_index">
        <observer name="bss_fbpixel_initiate_checkout_multi" instance="Bss\FacebookPixel\Observer\InitiateCheckout" />
    </event>
    <event name="controller_action_predispatch_checkout_onepage_index">
        <observer name="bss_fbpixel_initiate_checkout_onepage" instance="Bss\FacebookPixel\Observer\InitiateCheckout" />
    </event>
    <event name="controller_action_predispatch_checkout_index_index">
        <observer name="bss_fbpixel_initiate_checkout_index_index" instance="Bss\FacebookPixel\Observer\InitiateCheckout" />
    </event>
    <event name="controller_action_predispatch_catalogsearch_result_index">
        <observer name="bss_fbpixel_search_result_index" instance="Bss\FacebookPixel\Observer\Search" />
    </event>
    <event name="controller_action_predispatch_catalogsearch_advanced_result">
        <observer name="bss_fbpixel_search_advanced_result" instance="Bss\FacebookPixel\Observer\Search" />
    </event>
    <event name="customer_register_success">
        <observer name="bss_fbpixel_customer_register_success" instance="Bss\FacebookPixel\Observer\Register" />
    </event>
</config>
