<?xml version="1.0"?>
<!--
/**
 * BSS Commerce Co.
 *
 * NOTICE OF LICENSE
 *
 * This source file is subject to the EULA
 * that is bundled with this package in the file LICENSE.txt.
 * It is also available through the world-wide-web at this URL:
 * http://bsscommerce.com/Bss-Commerce-License.txt
 *
 * @category   BSS
 * @package    Bss_MetaTagManager
 * @author     Extension Team
 * @copyright  Copyright (c) 2018-2023 BSS Commerce Co. ( http://bsscommerce.com )
 * @license    http://bsscommerce.com/Bss-Commerce-License.txt
 */
-->
<config xmlns:xsi="http://www.w3.org/2001/XMLSchema-instance" xsi:noNamespaceSchemaLocation="urn:magento:module:Magento_Config:etc/system_file.xsd">
    <system>
        <tab id="bss_seo_suite" translate="label" sortOrder="300">
            <label><![CDATA[Bss Commerce SEO]]></label>
        </tab>
        <section id="bss_metatagmanager" translate="label" type="text" sortOrder="100" showInDefault="1" showInWebsite="1" showInStore="1">
            <label>Meta Tags Template</label>
            <tab>bss_seo_suite</tab>
            <resource>Bss_MetaTagManager::metatagmanager_config</resource>
            <group id="general" translate="label" type="text" sortOrder="10" showInDefault="1" showInWebsite="1" showInStore="1">
                <label>General</label>
                <field id="enable" translate="label" type="select" sortOrder="10" showInDefault="1" showInWebsite="1" showInStore="1">
                    <label>Enabled</label>
                    <comment><![CDATA[Version 1.2.7]]></comment>
                    <source_model>Magento\Config\Model\Config\Source\Yesno</source_model>
                </field>
            </group>
            <group id="product" translate="label" type="text" sortOrder="20" showInDefault="1" showInWebsite="1" showInStore="1">
                <label>Product Settings</label>
                <field id="meta_title_length" translate="label" type="text" sortOrder="20" showInDefault="1" showInWebsite="1" showInStore="1">
                    <label>Max Product Meta Title Length (characters)</label>
                    <backend_model>Bss\MetaTagManager\Model\Config\Backend\CheckNumber</backend_model>
                    <comment>Maximum should be about 70-71 charaters</comment>
                </field>
                <field id="meta_description_length" translate="label" type="text" sortOrder="30" showInDefault="1" showInWebsite="1" showInStore="1">
                    <label>Max Product Meta Description Length(characters)</label>
                    <backend_model>Bss\MetaTagManager\Model\Config\Backend\CheckNumber</backend_model>
                    <comment>Maximum should be about 160 charaters</comment>
                </field>
                <field id="main_keyword_length" translate="label" type="text" sortOrder="40" showInDefault="1" showInWebsite="1" showInStore="1">
                    <label>Max Product Main Keyword Length (characters)</label>
                    <backend_model>Bss\MetaTagManager\Model\Config\Backend\CheckNumber</backend_model>
                    <comment>Maximum should be about 155-160 charaters</comment>
                </field>
                <field id="meta_keyword_length" translate="label" type="text" sortOrder="50" showInDefault="1" showInWebsite="1" showInStore="1">
                    <label>Max Product Meta Keywords</label>
                    <backend_model>Bss\MetaTagManager\Model\Config\Backend\CheckNumber</backend_model>
                    <comment>Maximum should be about 30 words</comment>
                </field>
                <field id="url_keyword" translate="label" type="text" sortOrder="60" showInDefault="1" showInWebsite="1" showInStore="1">
                    <label>Max URL Key Length</label>
                    <backend_model>Bss\MetaTagManager\Model\Config\Backend\CheckNumber</backend_model>
                    <comment>Maximum should be about 70 words</comment>
                </field>
            </group>
            <group id="category" translate="label" type="text" sortOrder="30" showInDefault="1" showInWebsite="1" showInStore="1">
                <label>Category Settings</label>
                <field id="meta_title_length" translate="label" type="text" sortOrder="20" showInDefault="1" showInWebsite="1" showInStore="1">
                    <label>Max Category Meta Title Length(characters)</label>
                    <backend_model>Bss\MetaTagManager\Model\Config\Backend\CheckNumber</backend_model>
                    <comment>Maximum should be about 70-71 charaters</comment>
                </field>
                <field id="meta_description_length" translate="label" type="text" sortOrder="30" showInDefault="1" showInWebsite="1" showInStore="1">
                    <label>Max Category Meta Description Length(characters)</label>
                    <backend_model>Bss\MetaTagManager\Model\Config\Backend\CheckNumber</backend_model>
                    <comment>Maximum should be about 160 charaters</comment>
                </field>
                <field id="main_keyword_length" translate="label" type="text" sortOrder="40" showInDefault="1" showInWebsite="1" showInStore="1">
                    <label>Max Category Main Keyword Length (characters)</label>
                    <backend_model>Bss\MetaTagManager\Model\Config\Backend\CheckNumber</backend_model>
                    <comment>Maximum should be about 155-160 charaters</comment>
                </field>
                <field id="meta_keyword_length" translate="label" type="text" sortOrder="50" showInDefault="1" showInWebsite="1" showInStore="1">
                    <label>Max Category Meta Keywords</label>
                    <backend_model>Bss\MetaTagManager\Model\Config\Backend\CheckNumber</backend_model>
                    <comment>Maximum should be about 30 words</comment>
                </field>
                <field id="url_keyword" translate="label" type="text" sortOrder="60" showInDefault="1" showInWebsite="1" showInStore="1">
                    <label>Max URL Key Length</label>
                    <backend_model>Bss\MetaTagManager\Model\Config\Backend\CheckNumber</backend_model>
                    <comment>Maximum should be about 70 words</comment>
                </field>
            </group>
            <group id="recommended_solutions" translate="label" sortOrder="100" showInDefault="1" showInWebsite="1" showInStore="1">
                <label><![CDATA[<a href="https://bsscommerce.com/magento-2-seo-extension.html" target="_blank" style="background: #f0f0f0; padding: 20px; border-radius: 4px">
                    <p style="font-size: 14px;">Want a complete SEO solution? We also offer a <font color="blue">SEO Suite</font>,
                    including all necessary modules to make your site SEO-friendly, boost ranking and increase traffic!</p></a>]]>
                </label>
                <fieldset_css>paypal-recommended-header bss_footer_seo</fieldset_css>
                <frontend_model>Magento\Paypal\Block\Adminhtml\System\Config\Fieldset\Expanded</frontend_model>
            </group>
        </section>
    </system>
</config>
