<?xml version="1.0"?>
<!--
/**
 * BSS Commerce Co.
 *
 * NOTICE OF LICENSE
 *
 * This source file is subject to the EULA
 * that is bundled with this package in the file LICENSE.txt.
 * It is also available through the world-wide-web at this URL:
 * http://bsscommerce.com/Bss-Commerce-License.txt
 *
 * @category   BSS
 * @package    Bss_Breadcrumbs
 * @author     Extension Team
 * @copyright  Copyright (c) 2018-2019 BSS Commerce Co. ( http://bsscommerce.com )
 * @license    http://bsscommerce.com/Bss-Commerce-License.txt
 */
-->
<config xmlns:xsi="http://www.w3.org/2001/XMLSchema-instance" xsi:noNamespaceSchemaLocation="urn:magento:framework:ObjectManager/etc/config.xsd">
    <preference for="Magento\Catalog\Block\Breadcrumbs" type="Bss\Breadcrumbs\Block\Breadcrumbs" />
    <virtualType name="BreadcrumbsGridFilterPool" type="Magento\Framework\View\Element\UiComponent\DataProvider\FilterPool">
        <arguments>
            <argument name="appliers" xsi:type="array">
                <item name="regular" xsi:type="object">Magento\Framework\View\Element\UiComponent\DataProvider\RegularFilter</item>
                <item name="fulltext" xsi:type="object">Magento\Framework\View\Element\UiComponent\DataProvider\FulltextFilter</item>
            </argument>
        </arguments>
    </virtualType>
    <virtualType name="PostGridDataProvider" type="Magento\Framework\View\Element\UiComponent\DataProvider\DataProvider">
        <arguments>
            <argument name="collection" xsi:type="object" shared="false">Bss\Breadcrumbs\Model\ResourceModel\Post\Collection</argument>
            <argument name="filterPool" xsi:type="object" shared="false">BreadcrumbsGridFilterPool</argument>
        </arguments>
    </virtualType>
    <type name="Bss\Breadcrumbs\Model\ResourceModel\Post\Grid\Collection">
        <arguments>
            <argument name="mainTable" xsi:type="string">catalog_category_entity</argument>
            <argument name="eventPrefix" xsi:type="string">seosuite_post_grid_collection</argument>
            <argument name="eventObject" xsi:type="string">post_grid_collection</argument>
            <argument name="resourceModel" xsi:type="string">Bss\Breadcrumbs\Model\ResourceModel\Post</argument>
        </arguments>
    </type>

    <type name="Magento\Framework\View\Element\UiComponent\DataProvider\CollectionFactory">
        <arguments>
            <argument name="collections" xsi:type="array">
                <item name="example_blog_grid_data_source" xsi:type="string">Bss\Breadcrumbs\Model\ResourceModel\Post\Grid\Collection</item>
            </argument>
        </arguments>
    </type>
    <type name="Bss\Breadcrumbs\ViewModel\Product\Breadcrumbs">
        <plugin name="bssGetBlockBreadcrumbsObject" type="Bss\Breadcrumbs\Plugin\GetBlockBreadcrumbsObject" sortOrder="10" />
    </type>
</config>
