<?xml version="1.0"?>
<!--
/**
 * BSS Commerce Co.
 *
 * NOTICE OF LICENSE
 *
 * This source file is subject to the EULA
 * that is bundled with this package in the file LICENSE.txt.
 * It is also available through the world-wide-web at this URL:
 * http://bsscommerce.com/Bss-Commerce-License.txt
 *
 * @category   BSS
 * @package    Bss_Breadcrumbs
 * @author     Extension Team
 * @copyright  Copyright (c) 2018-2019 BSS Commerce Co. ( http://bsscommerce.com )
 * @license    http://bsscommerce.com/Bss-Commerce-License.txt
 */
-->
<config xmlns:xsi="http://www.w3.org/2001/XMLSchema-instance" xsi:noNamespaceSchemaLocation="urn:magento:framework:Module/etc/module.xsd">
	<module name="Bss_Breadcrumbs" setup_version="1.1.4">
        <sequence>
            <module name="Magento_Catalog"/>
            <module name="Magento_CatalogSearch"/>
            <module name="Magento_Stores"/>
            <module name="Bss_SeoCore"/>
        </sequence>
	</module>
</config>
