<?xml version="1.0"?>
<!--
/**
 * BSS Commerce Co.
 *
 * NOTICE OF LICENSE
 *
 * This source file is subject to the EULA
 * that is bundled with this package in the file LICENSE.txt.
 * It is also available through the world-wide-web at this URL:
 * http://bsscommerce.com/Bss-Commerce-License.txt
 *
 * @category   BSS
 * @package    Bss_RobotsMetaTag
 * @author     Extension Team
 * @copyright  Copyright (c) 2018-2022 BSS Commerce Co. ( http://bsscommerce.com )
 * @license    http://bsscommerce.com/Bss-Commerce-License.txt
 */
-->
<config xmlns:xsi="http://www.w3.org/2001/XMLSchema-instance" xsi:noNamespaceSchemaLocation="urn:magento:module:Magento_Config:etc/system_file.xsd">
    <system>
        <tab id="bss_seo_suite" translate="label" sortOrder="300">
            <label><![CDATA[Bss Commerce SEO]]></label>
        </tab>
        <section id="bss_robots" translate="label" type="text" sortOrder="50" showInDefault="1" showInWebsite="1" showInStore="1">
            <label>Robots Meta Tag</label>
            <tab>bss_seo_suite</tab>
            <resource>Bss_RobotsMetaTag::robots</resource>
            <group id="robots" translate="label" type="text" sortOrder="10" showInDefault="1" showInWebsite="1" showInStore="1">
                <label>Robots Meta Tag</label>
                <field id="active" translate="label" type="select" sortOrder="0" showInDefault="1" showInWebsite="1" showInStore="1">
                    <label>Enabled</label>
                    <comment><![CDATA[Version 1.0.6]]></comment>
                    <source_model>Magento\Config\Model\Config\Source\Yesno</source_model>
                </field>
                <field id="url" translate="label" sortOrder="1" showInDefault="1" showInWebsite="1" showInStore="1">
                    <label>Robots Meta Tag</label>
                    <frontend_model>Bss\RobotsMetaTag\Block\System\Form\Field\Robots</frontend_model>
                    <backend_model>Magento\Config\Model\Config\Backend\Serialized\ArraySerialized</backend_model>
                    <depends>
                        <field id="*/*/active">1</field>
                    </depends>
                    <comment><![CDATA[Enter URLs based on these following formats.<br/><b>1.</b> With specific Category Page or Product Page: enter the URL key<br/>For example: your product page URL is http://yourdomain.com/teton-pullover-hoodie.html.<br/>Then URL key is  <b>teton-pullover-hoodie</b><br/><b>2.</b> With categories or a folder: Enter the path with "/" before and after the path<br/>For example: You want to set No Index and No Follow for all categories with the "tops-men" URL key. Please enter: <b>/tops-men/</b>]]></comment>
                </field>
                <field id="noindex_for" translate="label" type="multiselect" sortOrder="9" showInDefault="1" showInWebsite="1" showInStore="1">
                    <label>NOINDEX, FOLLOW Robots Meta Header</label>
                    <source_model>Bss\RobotsMetaTag\Model\Config\Source\Noindex</source_model>
                    <can_be_empty>1</can_be_empty>
                    <comment>Hold Ctrl when choosing multiple options</comment>
                    <depends>
                        <field id="*/*/active">1</field>
                    </depends>
                </field>
                <field id="robots_txt" translate="label" type="textarea" sortOrder="10"  showInWebsite="1" showInDefault="1">
                    <label> Edit custom instruction of robots.txt File</label>
                </field>
            </group>
            <group id="recommended_solutions" translate="label" sortOrder="100" showInDefault="1" showInWebsite="1" showInStore="1">
                <label><![CDATA[<a href="https://bsscommerce.com/magento-2-seo-extension.html" target="_blank" style="background: #f0f0f0; padding: 20px; border-radius: 4px">
                    <p style="font-size: 14px;">Want a complete SEO solution? We also offer a <font color="blue">SEO Suite</font>,
                    including all necessary modules to make your site SEO-friendly, boost ranking and increase traffic!</p></a>]]>
                </label>
                <fieldset_css>paypal-recommended-header bss_footer_seo</fieldset_css>
                <frontend_model>Magento\Paypal\Block\Adminhtml\System\Config\Fieldset\Expanded</frontend_model>
            </group>
        </section>
    </system>
</config>
