<?xml version="1.0"?>
<!--
/**
 * BSS Commerce Co.
 *
 * NOTICE OF LICENSE
 *
 * This source file is subject to the EULA
 * that is bundled with this package in the file LICENSE.txt.
 * It is also available through the world-wide-web at this URL:
 * http://bsscommerce.com/Bss-Commerce-License.txt
 *
 * @category   BSS
 * @package    Bss_SeoAltText
 * @author     Extension Team
 * @copyright  Copyright (c) 2018-2022 BSS Commerce Co. ( http://bsscommerce.com )
 * @license    http://bsscommerce.com/Bss-Commerce-License.txt
 */
-->
<config xmlns:xsi="http://www.w3.org/2001/XMLSchema-instance" xsi:noNamespaceSchemaLocation="urn:magento:module:Magento_Config:etc/system_file.xsd">
    <system>
        <tab id="bss_seo_suite" translate="label" sortOrder="300">
            <label><![CDATA[Bss Commerce SEO]]></label>
        </tab>
        <section id="bss_seo_alt_text" translate="label" type="text" sortOrder="110" showInDefault="1" showInWebsite="1" showInStore="1">
            <label>SEO Alt Text</label>
            <tab>bss_seo_suite</tab>
            <resource>Bss_SeoAltText::config</resource>
            <group id="general" translate="label" type="text" sortOrder="1" showInDefault="1" showInWebsite="1" showInStore="1">
                <label>General</label>
                <field id="enable" translate="label" type="select" sortOrder="10" showInDefault="1" showInWebsite="1" showInStore="1">
                    <label>Enabled</label>
                    <source_model>Magento\Config\Model\Config\Source\Yesno</source_model>
                    <comment><![CDATA[Version 1.0.8]]></comment>
                </field>
                <field id="alt_template" translate="label" type="textarea" sortOrder="20" showInDefault="1" showInWebsite="0" showInStore="1">
                    <label>Alt Tag Template</label>
                    <depends>
                        <field id="*/*/enable">1</field>
                    </depends>
                </field>

                <field id="button_insert_alt" translate="label comment" type="button" sortOrder="30" showInDefault="1" showInWebsite="0" showInStore="1">
                    <frontend_model>Bss\SeoAltText\Block\System\Config\Insert</frontend_model>
                    <comment>Please Save all the config before choosing "Generate Alt Tag".</comment>
                    <depends>
                        <field id="*/*/enable">1</field>
                    </depends>
                </field>

                <field id="file_template" translate="label" type="textarea" sortOrder="40" showInDefault="1">
                    <label>Image Name Template</label>
                    <depends>
                        <field id="*/*/enable">1</field>
                    </depends>
                </field>
                <field id="button_insert_file" translate="label" type="button" sortOrder="50" showInDefault="1">
                    <frontend_model>Bss\SeoAltText\Block\System\Config\InsertGenerate</frontend_model>
                    <depends>
                        <field id="*/*/enable">1</field>
                    </depends>
                </field>
                <field id="button_generate_all" translate="label comment" type="button" sortOrder="50" showInDefault="1">
                    <frontend_model>Bss\SeoAltText\Block\System\Config\GenerateAll</frontend_model>
                    <comment>Click to generate both alt tag and image name. Please Save all the config before choosing "Generate all".</comment>
                    <depends>
                        <field id="*/*/enable">1</field>
                    </depends>
                </field>
            </group>
            <group id="recommended_solutions" translate="label" sortOrder="100" showInDefault="1" showInWebsite="1" showInStore="1">
                <label><![CDATA[<a href="https://bsscommerce.com/magento-2-seo-extension.html" target="_blank" style="background: #f0f0f0; padding: 20px; border-radius: 4px">
                    <p style="font-size: 14px;">Want a complete SEO solution? We also offer a <font color="blue">SEO Suite</font>,
                    including all necessary modules to make your site SEO-friendly, boost ranking and increase traffic!</p></a>]]>
                </label>
                <fieldset_css>paypal-recommended-header bss_footer_seo</fieldset_css>
                <frontend_model>Magento\Paypal\Block\Adminhtml\System\Config\Fieldset\Expanded</frontend_model>
            </group>
        </section>
    </system>
</config>
